起点站ID,终点站ID,所属线路,运行方向,运行时间
1001,1002,地铁1号线,无,2
1002,1001,地铁1号线,无,2
1002,1003,地铁1号线,无,2
1003,1002,地铁1号线,无,2
1003,1004,地铁1号线,无,3
1004,1003,地铁1号线,无,3
1004,1005,地铁1号线,无,3
1005,1004,地铁1号线,无,3
1005,1006,地铁1号线,无,2.5
1006,1005,地铁1号线,无,2.5
1006,1007,地铁1号线,无,2.5
1007,1006,地铁1号线,无,2.5
1007,1008,地铁1号线,无,2.5
1008,1007,地铁1号线,无,2.5
1008,1009,地铁1号线,无,2
1009,1008,地铁1号线,无,2
1009,1010,地铁1号线,无,2
1010,1009,地铁1号线,无,2
1010,1011,地铁1号线,无,2
1011,1010,地铁1号线,无,2
1011,1012,地铁1号线,无,2.5
1012,1011,地铁1号线,无,2.5
1012,1013,地铁1号线,无,3
1013,1012,地铁1号线,无,3
1013,1014,地铁1号线,无,2.4
1014,1013,地铁1号线,无,2.4
1014,1015,地铁1号线,无,2
1015,1014,地铁1号线,无,2
1015,1016,地铁1号线,无,2
1016,1015,地铁1号线,无,2
1016,1017,地铁1号线,无,2
1017,1016,地铁1号线,无,2
1017,1018,地铁1号线,无,2.5
1018,1017,地铁1号线,无,2.5
1018,1019,地铁1号线,无,2
1019,1018,地铁1号线,无,2
1019,1020,地铁1号线,无,2.5
1020,1019,地铁1号线,无,2.5
1020,1021,地铁1号线,无,3
1021,1020,地铁1号线,无,3
1021,1022,地铁1号线,无,2.5
1022,1021,地铁1号线,无,2.5
1022,1023,地铁1号线,无,2.5
1023,1022,地铁1号线,无,2.5
1023,1024,地铁1号线,无,2.5
1024,1023,地铁1号线,无,2.5
1024,1025,地铁1号线,无,2.5
1025,1024,地铁1号线,无,2.5
1025,1026,地铁1号线,无,3
1026,1025,地铁1号线,无,3
1026,1027,地铁1号线,无,2
1027,1026,地铁1号线,无,2
1027,1028,地铁1号线,无,2.4
1028,1027,地铁1号线,无,2.4
1029,1030,地铁2号线,无,3
1030,1029,地铁2号线,无,3
1030,1031,地铁2号线,无,7
1031,1030,地铁2号线,无,7
1031,1032,地铁2号线,无,5
1032,1031,地铁2号线,无,5
1032,1033,地铁2号线,无,3.5
1033,1032,地铁2号线,无,3.5
1033,1034,地铁2号线,无,4.5
1034,1033,地铁2号线,无,4.5
1034,1035,地铁2号线,无,3
1035,1034,地铁2号线,无,3
1035,1036,地铁2号线,无,3.5
1036,1035,地铁2号线,无,3.5
1036,1037,地铁2号线,无,4
1037,1036,地铁2号线,无,4
1037,1038,地铁2号线,无,3
1038,1037,地铁2号线,无,3
1038,1039,地铁2号线,无,2.5
1039,1038,地铁2号线,无,2.5
1039,1040,地铁2号线,无,4
1040,1039,地铁2号线,无,4
1040,1041,地铁2号线,无,3.3
1041,1040,地铁2号线,无,3.3
1041,1042,地铁2号线,无,2.5
1042,1041,地铁2号线,无,2.5
1042,1043,地铁2号线,无,3
1043,1042,地铁2号线,无,3
1043,1044,地铁2号线,无,2.5
1044,1043,地铁2号线,无,2.5
1044,1045,地铁2号线,无,2
1045,1044,地铁2号线,无,2
1045,1046,地铁2号线,无,3
1046,1045,地铁2号线,无,3
1046,1047,地铁2号线,无,2.5
1047,1046,地铁2号线,无,2.5
1047,1048,地铁2号线,无,2.5
1048,1047,地铁2号线,无,2.5
1048,1049,地铁2号线,无,2.5
1049,1048,地铁2号线,无,2.5
1049,1050,地铁2号线,无,3
1050,1049,地铁2号线,无,3
1050,1051,地铁2号线,无,2.5
1051,1050,地铁2号线,无,2.5
1051,1052,地铁2号线,无,3
1052,1051,地铁2号线,无,3
1052,1053,地铁2号线,无,3
1053,1052,地铁2号线,无,3
1053,1054,地铁2号线,无,2
1054,1053,地铁2号线,无,2
1054,1055,地铁2号线,无,2.5
1055,1054,地铁2号线,无,2.5
1055,1056,地铁2号线,无,7
1056,1055,地铁2号线,无,7
1056,1057,地铁2号线,无,2
1057,1056,地铁2号线,无,2
1057,1058,地铁2号线,无,3.2
1058,1057,地铁2号线,无,3.2
1058,1059,地铁2号线,无,3.2
1059,1058,地铁2号线,无,3.2
1060,1061,地铁3号线,无,3
1061,1060,地铁3号线,无,3
1061,1062,地铁3号线,无,3
1062,1061,地铁3号线,无,3
1062,1063,地铁3号线,无,2
1063,1062,地铁3号线,无,2
1063,1064,地铁3号线,无,3
1064,1063,地铁3号线,无,3
1064,1065,地铁3号线,无,2
1065,1064,地铁3号线,无,2
1065,1066,地铁3号线,无,2.5
1066,1065,地铁3号线,无,2.5
1066,1067,地铁3号线,无,2.5
1067,1066,地铁3号线,无,2.5
1067,1068,地铁3号线,无,3
1068,1067,地铁3号线,无,3
1068,1069,地铁3号线,无,3
1069,1068,地铁3号线,无,3
1069,1070,地铁3号线,无,2.5
1070,1069,地铁3号线,无,2.5
1070,1071,地铁3号线,无,3
1071,1070,地铁3号线,无,3
1071,1072,地铁3号线,无,2
1072,1071,地铁3号线,无,2
1072,1073,地铁3号线,无,2.5
1073,1072,地铁3号线,无,2.5
1073,1074,地铁3号线,无,2.5
1074,1073,地铁3号线,无,2.5
1074,1075,地铁3号线,无,2
1075,1074,地铁3号线,无,2
1075,1076,地铁3号线,无,3.5
1076,1075,地铁3号线,无,3.5
1076,1077,地铁3号线,无,3
1077,1076,地铁3号线,无,3
1077,1078,地铁3号线,无,2.5
1078,1077,地铁3号线,无,2.5
1078,1079,地铁3号线,无,5
1079,1078,地铁3号线,无,5
1079,1080,地铁3号线,无,2.5
1080,1079,地铁3号线,无,2.5
1080,1081,地铁3号线,无,2.5
1081,1080,地铁3号线,无,2.5
1081,1082,地铁3号线,无,2.5
1082,1081,地铁3号线,无,2.5
1082,1083,地铁3号线,无,2.5
1083,1082,地铁3号线,无,2.5
1083,1084,地铁3号线,无,2.5
1084,1083,地铁3号线,无,2.5
1084,1085,地铁3号线,无,2.5
1085,1084,地铁3号线,无,2.5
1085,1086,地铁3号线,无,2.5
1086,1085,地铁3号线,无,2.5
1086,1087,地铁3号线,无,2.7
1087,1086,地铁3号线,无,2.7
1087,1088,地铁3号线,无,2.7
1088,1087,地铁3号线,无,2.7
1467,1468,4号线,内环,2
1468,1467,4号线,外环,2
1468,1469,4号线,内环,2
1469,1468,4号线,外环,2
1469,1470,4号线,内环,2
1470,1469,4号线,外环,2
1470,1471,4号线,内环,2
1471,1470,4号线,外环,2
1471,1472,4号线,内环,2.5
1472,1471,4号线,外环,2.5
1472,1473,4号线,内环,2.5
1473,1472,4号线,外环,2.5
1473,1474,4号线,内环,2
1474,1473,4号线,外环,2
1474,1475,4号线,内环,3.5
1475,1474,4号线,外环,3.5
1475,1476,4号线,内环,2.5
1476,1475,4号线,外环,2.5
1476,1477,4号线,内环,2
1477,1476,4号线,外环,2
1477,1478,4号线,内环,2
1478,1477,4号线,外环,2
1478,1479,4号线,内环,3
1479,1478,4号线,外环,3
1479,1480,4号线,内环,2
1480,1479,4号线,外环,2
1480,1481,4号线,内环,2
1481,1480,4号线,外环,2
1481,1482,4号线,内环,2.5
1482,1481,4号线,外环,2.5
1482,1483,4号线,内环,2
1483,1482,4号线,外环,2
1483,1484,4号线,内环,3
1484,1483,4号线,外环,3
1484,1485,4号线,内环,3.5
1485,1484,4号线,外环,3.5
1485,1486,4号线,内环,3
1486,1485,4号线,外环,3
1486,1487,4号线,内环,2.5
1487,1486,4号线,外环,2.5
1487,1488,4号线,内环,5
1488,1487,4号线,外环,5
1488,1489,4号线,内环,2.5
1489,1488,4号线,外环,2.5
1489,1490,4号线,内环,2.5
1490,1489,4号线,外环,2.5
1490,1491,4号线,内环,2
1491,1490,4号线,外环,2
1491,1492,4号线,内环,2.5
1492,1491,4号线,外环,2.5
1492,1493,4号线,内环,2.5
1493,1492,4号线,外环,2.5
1493,1494,4号线,内环,2.5
1494,1493,4号线,外环,2.5
1494,1495,4号线,内环,2.5
1495,1494,4号线,外环,2.5
1495,1496,4号线,内环,2.5
1496,1495,4号线,外环,2.5
1496,1467,4号线,内环,2.5
1467,1496,4号线,外环,2.5
1126,1127,地铁5号线,无,2
1127,1126,地铁5号线,无,2
1127,1128,地铁5号线,无,2
1128,1127,地铁5号线,无,2
1128,1129,地铁5号线,无,4
1129,1128,地铁5号线,无,4
1129,1130,地铁5号线,无,3.5
1130,1129,地铁5号线,无,3.5
1130,1131,地铁5号线,无,3
1131,1130,地铁5号线,无,3
1131,1132,地铁5号线,无,2.5
1132,1131,地铁5号线,无,2.5
1132,1133,地铁5号线,无,4.5
1133,1132,地铁5号线,无,4.5
1133,1134,地铁5号线,无,6
1134,1133,地铁5号线,无,6
1134,1135,地铁5号线,无,3
1135,1134,地铁5号线,无,3
1135,1136,地铁5号线,无,3.5
1136,1135,地铁5号线,无,3.5
1136,1137,地铁5号线,无,3.5
1137,1136,地铁5号线,无,3.5
1137,1138,地铁5号线,无,2.5
1138,1137,地铁5号线,无,2.5
1138,1139,地铁5号线,无,2.5
1139,1138,地铁5号线,无,2.5
1139,1140,地铁5号线,无,3.3
1140,1139,地铁5号线,无,3.3
1141,1142,地铁6号线,无,2
1142,1141,地铁6号线,无,2
1142,1143,地铁6号线,无,2.5
1143,1142,地铁6号线,无,2.5
1143,1144,地铁6号线,无,3
1144,1143,地铁6号线,无,3
1144,1145,地铁6号线,无,3
1145,1144,地铁6号线,无,3
1145,1146,地铁6号线,无,2
1146,1145,地铁6号线,无,2
1146,1147,地铁6号线,无,2
1147,1146,地铁6号线,无,2
1147,1148,地铁6号线,无,2.5
1148,1147,地铁6号线,无,2.5
1148,1149,地铁6号线,无,2
1149,1148,地铁6号线,无,2
1149,1150,地铁6号线,无,2.5
1150,1149,地铁6号线,无,2.5
1150,1151,地铁6号线,无,2
1151,1150,地铁6号线,无,2
1151,1152,地铁6号线,无,2.5
1152,1151,地铁6号线,无,2.5
1152,1153,地铁6号线,无,2.5
1153,1152,地铁6号线,无,2.5
1153,1154,地铁6号线,无,2.5
1154,1153,地铁6号线,无,2.5
1154,1155,地铁6号线,无,2
1155,1154,地铁6号线,无,2
1155,1156,地铁6号线,无,2.5
1156,1155,地铁6号线,无,2.5
1156,1157,地铁6号线,无,2
1157,1156,地铁6号线,无,2
1157,1158,地铁6号线,无,3
1158,1157,地铁6号线,无,3
1158,1159,地铁6号线,无,2
1159,1158,地铁6号线,无,2
1159,1160,地铁6号线,无,3
1160,1159,地铁6号线,无,3
1160,1161,地铁6号线,无,2.5
1161,1160,地铁6号线,无,2.5
1161,1162,地铁6号线,无,2.5
1162,1161,地铁6号线,无,2.5
1162,1163,地铁6号线,无,2.5
1163,1162,地铁6号线,无,2.5
1163,1164,地铁6号线,无,2.5
1164,1163,地铁6号线,无,2.5
1164,1165,地铁6号线,无,2.5
1165,1164,地铁6号线,无,2.5
1165,1166,地铁6号线,无,2
1166,1165,地铁6号线,无,2
1166,1167,地铁6号线,无,2
1167,1166,地铁6号线,无,2
1167,1168,地铁6号线,无,2.4
1168,1167,地铁6号线,无,2.4
1169,1170,地铁7号线,无,3
1170,1169,地铁7号线,无,3
1170,1171,地铁7号线,无,3
1171,1170,地铁7号线,无,3
1171,1172,地铁7号线,无,2.5
1172,1171,地铁7号线,无,2.5
1172,1173,地铁7号线,无,2
1173,1172,地铁7号线,无,2
1173,1174,地铁7号线,无,3
1174,1173,地铁7号线,无,3
1174,1175,地铁7号线,无,2
1175,1174,地铁7号线,无,2
1175,1176,地铁7号线,无,2
1176,1175,地铁7号线,无,2
1176,1177,地铁7号线,无,2
1177,1176,地铁7号线,无,2
1177,1178,地铁7号线,无,2
1178,1177,地铁7号线,无,2
1178,1179,地铁7号线,无,3.5
1179,1178,地铁7号线,无,3.5
1179,1180,地铁7号线,无,2
1180,1179,地铁7号线,无,2
1180,1181,地铁7号线,无,2
1181,1180,地铁7号线,无,2
1181,1182,地铁7号线,无,3
1182,1181,地铁7号线,无,3
1182,1183,地铁7号线,无,2
1183,1182,地铁7号线,无,2
1183,1184,地铁7号线,无,2.5
1184,1183,地铁7号线,无,2.5
1184,1185,地铁7号线,无,2
1185,1184,地铁7号线,无,2
1185,1186,地铁7号线,无,2.5
1186,1185,地铁7号线,无,2.5
1186,1187,地铁7号线,无,3
1187,1186,地铁7号线,无,3
1187,1188,地铁7号线,无,2
1188,1187,地铁7号线,无,2
1188,1189,地铁7号线,无,2
1189,1188,地铁7号线,无,2
1189,1190,地铁7号线,无,2
1190,1189,地铁7号线,无,2
1190,1191,地铁7号线,无,2
1191,1190,地铁7号线,无,2
1191,1192,地铁7号线,无,2.5
1192,1191,地铁7号线,无,2.5
1192,1193,地铁7号线,无,2.5
1193,1192,地铁7号线,无,2.5
1193,1194,地铁7号线,无,2
1194,1193,地铁7号线,无,2
1194,1195,地铁7号线,无,2.5
1195,1194,地铁7号线,无,2.5
1195,1196,地铁7号线,无,2.5
1196,1195,地铁7号线,无,2.5
1196,1197,地铁7号线,无,3
1197,1196,地铁7号线,无,3
1197,1198,地铁7号线,无,3
1198,1197,地铁7号线,无,3
1198,1199,地铁7号线,无,2.5
1199,1198,地铁7号线,无,2.5
1199,1200,地铁7号线,无,4
1200,1199,地铁7号线,无,4
1200,1201,地铁7号线,无,2.5
1201,1200,地铁7号线,无,2.5
1202,1203,地铁8号线,无,2
1203,1202,地铁8号线,无,2
1203,1204,地铁8号线,无,2
1204,1203,地铁8号线,无,2
1204,1205,地铁8号线,无,2
1205,1204,地铁8号线,无,2
1205,1206,地铁8号线,无,4
1206,1205,地铁8号线,无,4
1206,1207,地铁8号线,无,3
1207,1206,地铁8号线,无,3
1207,1208,地铁8号线,无,3.5
1208,1207,地铁8号线,无,3.5
1208,1209,地铁8号线,无,2.5
1209,1208,地铁8号线,无,2.5
1209,1210,地铁8号线,无,2
1210,1209,地铁8号线,无,2
1210,1211,地铁8号线,无,2
1211,1210,地铁8号线,无,2
1211,1212,地铁8号线,无,2
1212,1211,地铁8号线,无,2
1212,1213,地铁8号线,无,2.5
1213,1212,地铁8号线,无,2.5
1213,1214,地铁8号线,无,2.5
1214,1213,地铁8号线,无,2.5
1214,1215,地铁8号线,无,2
1215,1214,地铁8号线,无,2
1215,1216,地铁8号线,无,2
1216,1215,地铁8号线,无,2
1216,1217,地铁8号线,无,2.3
1217,1216,地铁8号线,无,2.3
1217,1218,地铁8号线,无,2.5
1218,1217,地铁8号线,无,2.5
1218,1219,地铁8号线,无,2
1219,1218,地铁8号线,无,2
1219,1220,地铁8号线,无,2.5
1220,1219,地铁8号线,无,2.5
1220,1221,地铁8号线,无,2.5
1221,1220,地铁8号线,无,2.5
1221,1222,地铁8号线,无,2.5
1222,1221,地铁8号线,无,2.5
1222,1223,地铁8号线,无,2
1223,1222,地铁8号线,无,2
1223,1224,地铁8号线,无,2
1224,1223,地铁8号线,无,2
1224,1225,地铁8号线,无,2
1225,1224,地铁8号线,无,2
1225,1226,地铁8号线,无,2
1226,1225,地铁8号线,无,2
1226,1227,地铁8号线,无,2.5
1227,1226,地铁8号线,无,2.5
1227,1228,地铁8号线,无,2
1228,1227,地铁8号线,无,2
1228,1229,地铁8号线,无,2
1229,1228,地铁8号线,无,2
1229,1230,地铁8号线,无,2
1230,1229,地铁8号线,无,2
1230,1231,地铁8号线,无,2.3
1231,1230,地铁8号线,无,2.3
1232,1233,地铁9号线,无,4
1233,1232,地铁9号线,无,4
1233,1234,地铁9号线,无,3
1234,1233,地铁9号线,无,3
1234,1235,地铁9号线,无,3
1235,1234,地铁9号线,无,3
1235,1236,地铁9号线,无,3.5
1236,1235,地铁9号线,无,3.5
1236,1237,地铁9号线,无,4.5
1237,1236,地铁9号线,无,4.5
1237,1238,地铁9号线,无,3
1238,1237,地铁9号线,无,3
1238,1239,地铁9号线,无,4.5
1239,1238,地铁9号线,无,4.5
1239,1240,地铁9号线,无,6.5
1240,1239,地铁9号线,无,6.5
1240,1241,地铁9号线,无,4
1241,1240,地铁9号线,无,4
1241,1242,地铁9号线,无,2.5
1242,1241,地铁9号线,无,2.5
1242,1243,地铁9号线,无,3
1243,1242,地铁9号线,无,3
1243,1244,地铁9号线,无,3
1244,1243,地铁9号线,无,3
1244,1245,地铁9号线,无,2.5
1245,1244,地铁9号线,无,2.5
1245,1246,地铁9号线,无,3
1246,1245,地铁9号线,无,3
1246,1247,地铁9号线,无,3
1247,1246,地铁9号线,无,3
1247,1248,地铁9号线,无,3.5
1248,1247,地铁9号线,无,3.5
1248,1249,地铁9号线,无,2.5
1249,1248,地铁9号线,无,2.5
1249,1250,地铁9号线,无,2
1250,1249,地铁9号线,无,2
1250,1251,地铁9号线,无,2
1251,1250,地铁9号线,无,2
1251,1252,地铁9号线,无,2.5
1252,1251,地铁9号线,无,2.5
1252,1253,地铁9号线,无,2
1253,1252,地铁9号线,无,2
1253,1254,地铁9号线,无,3
1254,1253,地铁9号线,无,3
1254,1255,地铁9号线,无,3.5
1255,1254,地铁9号线,无,3.5
1255,1256,地铁9号线,无,2.5
1256,1255,地铁9号线,无,2.5
1256,1257,地铁9号线,无,5
1257,1256,地铁9号线,无,5
1257,1258,地铁9号线,无,3
1258,1257,地铁9号线,无,3
1258,1259,地铁9号线,无,3.5
1259,1258,地铁9号线,无,3.5
1259,1260,地铁9号线,无,2.5
1260,1259,地铁9号线,无,2.5
1260,1261,地铁9号线,无,2.5
1261,1260,地铁9号线,无,2.5
1261,1262,地铁9号线,无,2
1262,1261,地铁9号线,无,2
1262,1263,地铁9号线,无,2.5
1263,1262,地铁9号线,无,2.5
1263,1264,地铁9号线,无,2.5
1264,1263,地铁9号线,无,2.5
1264,1265,地铁9号线,无,3.1
1265,1264,地铁9号线,无,3.1
1265,1266,地铁9号线,无,3.1
1266,1265,地铁9号线,无,3.1
1300,1301,地铁10号线,无,2
1301,1300,地铁10号线,无,2
1301,1302,地铁10号线,无,2
1302,1301,地铁10号线,无,2
1302,1303,地铁10号线,无,3
1303,1302,地铁10号线,无,3
1303,1304,地铁10号线,无,2
1304,1303,地铁10号线,无,2
1304,1305,地铁10号线,无,2.5
1305,1304,地铁10号线,无,2.5
1305,1306,地铁10号线,无,2.3
1306,1305,地铁10号线,无,2.3
1306,1307,地铁10号线,无,2
1307,1306,地铁10号线,无,2
1307,1308,地铁10号线,无,3
1308,1307,地铁10号线,无,3
1308,1309,地铁10号线,无,2
1309,1308,地铁10号线,无,2
1309,1310,地铁10号线,无,2
1310,1309,地铁10号线,无,2
1310,1311,地铁10号线,无,3
1311,1310,地铁10号线,无,3
1311,1312,地铁10号线,无,2
1312,1311,地铁10号线,无,2
1312,1313,地铁10号线,无,2.5
1313,1312,地铁10号线,无,2.5
1313,1314,地铁10号线,无,2
1314,1313,地铁10号线,无,2
1314,1315,地铁10号线,无,2.5
1315,1314,地铁10号线,无,2.5
1315,1316,地铁10号线,无,2
1316,1315,地铁10号线,无,2
1316,1317,地铁10号线,无,2
1317,1316,地铁10号线,无,2
1317,1318,地铁10号线,无,2
1318,1317,地铁10号线,无,2
1318,1319,地铁10号线,无,2
1319,1318,地铁10号线,无,2
1319,1320,地铁10号线,无,2
1320,1319,地铁10号线,无,2
1320,1321,地铁10号线,无,2
1321,1320,地铁10号线,无,2
1321,1322,地铁10号线,无,2
1322,1321,地铁10号线,无,2
1322,1323,地铁10号线,无,2.3
1323,1322,地铁10号线,无,2.3
1323,1324,地铁10号线,无,2
1324,1323,地铁10号线,无,2
1324,1325,地铁10号线,无,2
1325,1324,地铁10号线,无,2
1325,1326,地铁10号线,无,2.3
1326,1325,地铁10号线,无,2.3
1326,1327,地铁10号线,无,3
1327,1326,地铁10号线,无,3
1327,1328,地铁10号线,无,4
1328,1327,地铁10号线,无,4
1328,1329,地铁10号线,无,2
1329,1328,地铁10号线,无,2
1329,1330,地铁10号线,无,2.5
1330,1329,地铁10号线,无,2.5
1330,1331,地铁10号线,无,2
1331,1330,地铁10号线,无,2
1331,1332,地铁10号线,无,2.2
1332,1331,地铁10号线,无,2.2
1332,1333,地铁10号线,无,2.2
1333,1332,地铁10号线,无,2.2
1367,1368,地铁11号线,无,4
1368,1367,地铁11号线,无,4
1368,1369,地铁11号线,无,3
1369,1368,地铁11号线,无,3
1369,1370,地铁11号线,无,3
1370,1369,地铁11号线,无,3
1370,1371,地铁11号线,无,3
1371,1370,地铁11号线,无,3
1371,1372,地铁11号线,无,2.5
1372,1371,地铁11号线,无,2.5
1372,1373,地铁11号线,无,2
1373,1372,地铁11号线,无,2
1373,1374,地铁11号线,无,2.5
1374,1373,地铁11号线,无,2.5
1374,1375,地铁11号线,无,2
1375,1374,地铁11号线,无,2
1375,1376,地铁11号线,无,5
1376,1375,地铁11号线,无,5
1376,1377,地铁11号线,无,3
1377,1376,地铁11号线,无,3
1377,1378,地铁11号线,无,2
1378,1377,地铁11号线,无,2
1378,1379,地铁11号线,无,2
1379,1378,地铁11号线,无,2
1379,1380,地铁11号线,无,2.5
1380,1379,地铁11号线,无,2.5
1380,1381,地铁11号线,无,3
1381,1380,地铁11号线,无,3
1381,1382,地铁11号线,无,2.5
1382,1381,地铁11号线,无,2.5
1382,1383,地铁11号线,无,3.5
1383,1382,地铁11号线,无,3.5
1383,1384,地铁11号线,无,3
1384,1383,地铁11号线,无,3
1384,1385,地铁11号线,无,4
1385,1384,地铁11号线,无,4
1385,1386,地铁11号线,无,2
1386,1385,地铁11号线,无,2
1386,1387,地铁11号线,无,2.5
1387,1386,地铁11号线,无,2.5
1387,1388,地铁11号线,无,2.5
1388,1387,地铁11号线,无,2.5
1388,1389,地铁11号线,无,2.5
1389,1388,地铁11号线,无,2.5
1389,1390,地铁11号线,无,2
1390,1389,地铁11号线,无,2
1390,1391,地铁11号线,无,2.5
1391,1390,地铁11号线,无,2.5
1391,1392,地铁11号线,无,4
1392,1391,地铁11号线,无,4
1392,1393,地铁11号线,无,3
1393,1392,地铁11号线,无,3
1393,1394,地铁11号线,无,4.5
1394,1393,地铁11号线,无,4.5
1394,1395,地铁11号线,无,3
1395,1394,地铁11号线,无,3
1395,1396,地铁11号线,无,3
1396,1395,地铁11号线,无,3
1396,1397,地铁11号线,无,4
1397,1396,地铁11号线,无,4
1397,1398,地铁11号线,无,2.9
1398,1397,地铁11号线,无,2.9
1398,1399,地铁11号线,无,2.9
1399,1398,地铁11号线,无,2.9
1399,1400,地铁11号线,无,2.9
1400,1399,地铁11号线,无,2.9
1400,1401,地铁11号线,无,2.9
1401,1400,地铁11号线,无,2.9
1401,1402,地铁11号线,无,2.9
1402,1401,地铁11号线,无,2.9
1402,1403,地铁11号线,无,2.9
1403,1402,地铁11号线,无,2.9
1404,1405,地铁12号线,无,4
1405,1404,地铁12号线,无,4
1405,1406,地铁12号线,无,2.5
1406,1405,地铁12号线,无,2.5
1406,1407,地铁12号线,无,2
1407,1406,地铁12号线,无,2
1407,1408,地铁12号线,无,2.5
1408,1407,地铁12号线,无,2.5
1408,1409,地铁12号线,无,2.5
1409,1408,地铁12号线,无,2.5
1409,1410,地铁12号线,无,3
1410,1409,地铁12号线,无,3
1410,1411,地铁12号线,无,2
1411,1410,地铁12号线,无,2
1411,1412,地铁12号线,无,2
1412,1411,地铁12号线,无,2
1412,1413,地铁12号线,无,3
1413,1412,地铁12号线,无,3
1413,1414,地铁12号线,无,4
1414,1413,地铁12号线,无,4
1414,1415,地铁12号线,无,2
1415,1414,地铁12号线,无,2
1415,1416,地铁12号线,无,2
1416,1415,地铁12号线,无,2
1416,1417,地铁12号线,无,3.5
1417,1416,地铁12号线,无,3.5
1417,1418,地铁12号线,无,2.5
1418,1417,地铁12号线,无,2.5
1418,1419,地铁12号线,无,3
1419,1418,地铁12号线,无,3
1419,1420,地铁12号线,无,3
1420,1419,地铁12号线,无,3
1420,1421,地铁12号线,无,2.5
1421,1420,地铁12号线,无,2.5
1421,1422,地铁12号线,无,2.5
1422,1421,地铁12号线,无,2.5
1422,1423,地铁12号线,无,2.5
1423,1422,地铁12号线,无,2.5
1423,1424,地铁12号线,无,2.5
1424,1423,地铁12号线,无,2.5
1424,1425,地铁12号线,无,3
1425,1424,地铁12号线,无,3
1425,1426,地铁12号线,无,2.5
1426,1425,地铁12号线,无,2.5
1426,1427,地铁12号线,无,2.5
1427,1426,地铁12号线,无,2.5
1427,1428,地铁12号线,无,2
1428,1427,地铁12号线,无,2
1428,1429,地铁12号线,无,2
1429,1428,地铁12号线,无,2
1429,1430,地铁12号线,无,2.5
1430,1429,地铁12号线,无,2.5
1430,1431,地铁12号线,无,2.5
1431,1430,地铁12号线,无,2.5
1431,1432,地铁12号线,无,2.5
1432,1431,地铁12号线,无,2.5
1432,1433,地铁12号线,无,2.5
1433,1432,地铁12号线,无,2.5
1433,1434,地铁12号线,无,2.6
1434,1433,地铁12号线,无,2.6
1434,1435,地铁12号线,无,2.6
1435,1434,地铁12号线,无,2.6
1436,1437,地铁13号线,无,2
1437,1436,地铁13号线,无,2
1437,1438,地铁13号线,无,3.5
1438,1437,地铁13号线,无,3.5
1438,1439,地铁13号线,无,3
1439,1438,地铁13号线,无,3
1439,1440,地铁13号线,无,2
1440,1439,地铁13号线,无,2
1440,1441,地铁13号线,无,3
1441,1440,地铁13号线,无,3
1441,1442,地铁13号线,无,3.5
1442,1441,地铁13号线,无,3.5
1442,1443,地铁13号线,无,2.5
1443,1442,地铁13号线,无,2.5
1443,1444,地铁13号线,无,3
1444,1443,地铁13号线,无,3
1444,1445,地铁13号线,无,2
1445,1444,地铁13号线,无,2
1445,1446,地铁13号线,无,2
1446,1445,地铁13号线,无,2
1446,1447,地铁13号线,无,3
1447,1446,地铁13号线,无,3
1447,1448,地铁13号线,无,2.6
1448,1447,地铁13号线,无,2.6
1448,1449,地铁13号线,无,2.5
1449,1448,地铁13号线,无,2.5
1449,1450,地铁13号线,无,2
1450,1449,地铁13号线,无,2
1450,1451,地铁13号线,无,3
1451,1450,地铁13号线,无,3
1451,1452,地铁13号线,无,2
1452,1451,地铁13号线,无,2
1452,1453,地铁13号线,无,2
1453,1452,地铁13号线,无,2
1453,1454,地铁13号线,无,3
1454,1453,地铁13号线,无,3
1454,1455,地铁13号线,无,3
1455,1454,地铁13号线,无,3
1455,1456,地铁13号线,无,2
1456,1455,地铁13号线,无,2
1456,1457,地铁13号线,无,2
1457,1456,地铁13号线,无,2
1457,1458,地铁13号线,无,3
1458,1457,地铁13号线,无,3
1458,1459,地铁13号线,无,2.5
1459,1458,地铁13号线,无,2.5
1459,1460,地铁13号线,无,2.5
1460,1459,地铁13号线,无,2.5
1460,1461,地铁13号线,无,2
1461,1460,地铁13号线,无,2
1461,1462,地铁13号线,无,2
1462,1461,地铁13号线,无,2
1462,1463,地铁13号线,无,3
1463,1462,地铁13号线,无,3
1463,1464,地铁13号线,无,3
1464,1463,地铁13号线,无,3
1464,1465,地铁13号线,无,2.5
1465,1464,地铁13号线,无,2.5
1465,1466,地铁13号线,无,2.5
1466,1465,地铁13号线,无,2.5
1497,1498,地铁15号线,无,3
1498,1497,地铁15号线,无,3
1498,1499,地铁15号线,无,2.5
1499,1498,地铁15号线,无,2.5
1499,1500,地铁15号线,无,2.4
1500,1499,地铁15号线,无,2.4
1500,1501,地铁15号线,无,2
1501,1500,地铁15号线,无,2
1501,1502,地铁15号线,无,2.5
1502,1501,地铁15号线,无,2.5
1502,1503,地铁15号线,无,2
1503,1502,地铁15号线,无,2
1503,1504,地铁15号线,无,2.5
1504,1503,地铁15号线,无,2.5
1504,1505,地铁15号线,无,2
1505,1504,地铁15号线,无,2
1505,1506,地铁15号线,无,2
1506,1505,地铁15号线,无,2
1506,1507,地铁15号线,无,2
1507,1506,地铁15号线,无,2
1507,1508,地铁15号线,无,2
1508,1507,地铁15号线,无,2
1508,1509,地铁15号线,无,2.5
1509,1508,地铁15号线,无,2.5
1509,1510,地铁15号线,无,2.5
1510,1509,地铁15号线,无,2.5
1510,1511,地铁15号线,无,2.5
1511,1510,地铁15号线,无,2.5
1511,1512,地铁15号线,无,2
1512,1511,地铁15号线,无,2
1512,1513,地铁15号线,无,2.5
1513,1512,地铁15号线,无,2.5
1513,1514,地铁15号线,无,2.4
1514,1513,地铁15号线,无,2.4
1514,1515,地铁15号线,无,2.5
1515,1514,地铁15号线,无,2.5
1515,1516,地铁15号线,无,3
1516,1515,地铁15号线,无,3
1516,1517,地铁15号线,无,2.5
1517,1516,地铁15号线,无,2.5
1517,1518,地铁15号线,无,2
1518,1517,地铁15号线,无,2
1518,1519,地铁15号线,无,2
1519,1518,地铁15号线,无,2
1519,1520,地铁15号线,无,2.5
1520,1519,地铁15号线,无,2.5
1520,1521,地铁15号线,无,2
1521,1520,地铁15号线,无,2
1521,1522,地铁15号线,无,2.5
1522,1521,地铁15号线,无,2.5
1522,1523,地铁15号线,无,2.4
1523,1522,地铁15号线,无,2.4
1523,1524,地铁15号线,无,3
1524,1523,地铁15号线,无,3
1524,1525,地铁15号线,无,4
1525,1524,地铁15号线,无,4
1525,1526,地铁15号线,无,2.3
1526,1525,地铁15号线,无,2.3
1527,1528,地铁16号线,无,4
1528,1527,地铁16号线,无,4
1528,1529,地铁16号线,无,4
1529,1528,地铁16号线,无,4
1529,1530,地铁16号线,无,4.5
1530,1529,地铁16号线,无,4.5
1530,1531,地铁16号线,无,4
1531,1530,地铁16号线,无,4
1531,1532,地铁16号线,无,3
1532,1531,地铁16号线,无,3
1532,1533,地铁16号线,无,3.5
1533,1532,地铁16号线,无,3.5
1533,1534,地铁16号线,无,5
1534,1533,地铁16号线,无,5
1534,1535,地铁16号线,无,5.5
1535,1534,地铁16号线,无,5.5
1535,1536,地铁16号线,无,5
1536,1535,地铁16号线,无,5
1536,1537,地铁16号线,无,8.5
1537,1536,地铁16号线,无,8.5
1537,1538,地铁16号线,无,6
1538,1537,地铁16号线,无,6
1538,1539,地铁16号线,无,4.8
1539,1538,地铁16号线,无,4.8
1540,1541,地铁17号线,无,3
1541,1540,地铁17号线,无,3
1541,1542,地铁17号线,无,2.5
1542,1541,地铁17号线,无,2.5
1542,1543,地铁17号线,无,3
1543,1542,地铁17号线,无,3
1543,1544,地铁17号线,无,2.5
1544,1543,地铁17号线,无,2.5
1544,1545,地铁17号线,无,3
1545,1544,地铁17号线,无,3
1545,1546,地铁17号线,无,3.5
1546,1545,地铁17号线,无,3.5
1546,1547,地铁17号线,无,4
1547,1546,地铁17号线,无,4
1547,1548,地铁17号线,无,3
1548,1547,地铁17号线,无,3
1548,1549,地铁17号线,无,3
1549,1548,地铁17号线,无,3
1549,1550,地铁17号线,无,4.5
1550,1549,地铁17号线,无,4.5
1550,1551,地铁17号线,无,5.5
1551,1550,地铁17号线,无,5.5
1551,1552,地铁17号线,无,3.4
1552,1551,地铁17号线,无,3.4
1552,1553,地铁17号线,无,3.4
1553,1552,地铁17号线,无,3.4
1554,1555,地铁18号线一期南段,无,2
1555,1554,地铁18号线一期南段,无,2
1555,1556,地铁18号线一期南段,无,2.5
1556,1555,地铁18号线一期南段,无,2.5
1556,1557,地铁18号线一期南段,无,3
1557,1556,地铁18号线一期南段,无,3
1557,1558,地铁18号线一期南段,无,2.5
1558,1557,地铁18号线一期南段,无,2.5
1558,1559,地铁18号线一期南段,无,2
1559,1558,地铁18号线一期南段,无,2
1559,1560,地铁18号线一期南段,无,3
1560,1559,地铁18号线一期南段,无,3
1560,1561,地铁18号线一期南段,无,4
1561,1560,地铁18号线一期南段,无,4
1561,1562,地铁18号线一期南段,无,2
1562,1561,地铁18号线一期南段,无,2
1562,1563,地铁18号线一期南段,无,3
1563,1562,地铁18号线一期南段,无,3
1563,1564,地铁18号线一期南段,无,2
1564,1563,地铁18号线一期南段,无,2
1564,1565,地铁18号线一期南段,无,2
1565,1564,地铁18号线一期南段,无,2
1565,1566,地铁18号线一期南段,无,3
1566,1565,地铁18号线一期南段,无,3
1566,1567,地铁18号线一期南段,无,3
1567,1566,地铁18号线一期南段,无,3
1567,1568,地铁18号线一期南段,无,3
1568,1567,地铁18号线一期南段,无,3
1568,1569,地铁18号线一期南段,无,4
1569,1568,地铁18号线一期南段,无,4
1569,1570,地铁18号线一期南段,无,6
1570,1569,地铁18号线一期南段,无,6
1570,1571,地铁18号线一期南段,无,2
1571,1570,地铁18号线一期南段,无,2
1571,1572,地铁18号线一期南段,无,4
1572,1571,地铁18号线一期南段,无,4
1572,1573,地铁18号线一期南段,无,2.9
1573,1572,地铁18号线一期南段,无,2.9
1573,1574,地铁18号线一期南段,无,2.9
1574,1573,地铁18号线一期南段,无,2.9
1574,1575,地铁18号线一期南段,无,2.9
1575,1574,地铁18号线一期南段,无,2.9
1575,1576,地铁18号线一期南段,无,2.9
1576,1575,地铁18号线一期南段,无,2.9
1576,1577,地铁18号线一期南段,无,2.9
1577,1576,地铁18号线一期南段,无,2.9
1577,1578,地铁18号线一期南段,无,2.9
1578,1577,地铁18号线一期南段,无,2.9
1578,1579,地铁18号线一期南段,无,2.9
1579,1578,地铁18号线一期南段,无,2.9
1579,1580,地铁18号线一期南段,无,2.9
1580,1579,地铁18号线一期南段,无,2.9
1580,1581,地铁18号线一期南段,无,2.9
1581,1580,地铁18号线一期南段,无,2.9
1581,1582,地铁18号线一期南段,无,2.9
1582,1581,地铁18号线一期南段,无,2.9
1582,1583,地铁18号线一期南段,无,2.9
1583,1582,地铁18号线一期南段,无,2.9
1583,1584,地铁18号线一期南段,无,2.9
1584,1583,地铁18号线一期南段,无,2.9
1585,1586,磁浮线,无,8
1586,1585,磁浮线,无,8
1587,1588,轨道交通浦江线,无,2
1588,1587,轨道交通浦江线,无,2
1588,1589,轨道交通浦江线,无,2
1589,1588,轨道交通浦江线,无,2
1589,1590,轨道交通浦江线,无,2
1590,1589,轨道交通浦江线,无,2
1590,1591,轨道交通浦江线,无,2
1591,1590,轨道交通浦江线,无,2
1591,1592,轨道交通浦江线,无,2
1592,1591,轨道交通浦江线,无,2
1593,1594,市域机场线,无,5
1594,1593,市域机场线,无,5
1594,1595,市域机场线,无,9
1595,1594,市域机场线,无,9
1595,1596,市域机场线,无,4
1596,1595,市域机场线,无,4
1596,1597,市域机场线,无,8
1597,1596,市域机场线,无,8
1597,1598,市域机场线,无,5.5
1598,1597,市域机场线,无,5.5
1598,1599,市域机场线,无,8.5
1599,1598,市域机场线,无,8.5
1001,1115,换乘,无,5.0
1115,1001,换乘,无,5.0
1001,1126,换乘,无,5.0
1126,1001,换乘,无,5.0
1115,1126,换乘,无,5.0
1126,1115,换乘,无,5.0
1005,1088,换乘,无,5.0
1088,1005,换乘,无,5.0
1005,1515,换乘,无,5.0
1515,1005,换乘,无,5.0
1088,1515,换乘,无,5.0
1515,1088,换乘,无,5.0
1006,1411,换乘,无,5.0
1411,1006,换乘,无,5.0
1007,1114,换乘,无,5.0
1114,1007,换乘,无,5.0
1008,1250,换乘,无,5.0
1250,1008,换乘,无,5.0
1008,1352,换乘,无,5.0
1352,1008,换乘,无,5.0
1008,1381,换乘,无,5.0
1381,1008,换乘,无,5.0
1250,1352,换乘,无,5.0
1352,1250,换乘,无,5.0
1250,1381,换乘,无,5.0
1381,1250,换乘,无,5.0
1352,1381,换乘,无,5.0
1381,1352,换乘,无,5.0
1010,1182,换乘,无,5.0
1182,1010,换乘,无,5.0
1011,1289,换乘,无,5.0
1289,1011,换乘,无,5.0
1011,1322,换乘,无,5.0
1322,1011,换乘,无,5.0
1011,1417,换乘,无,5.0
1417,1011,换乘,无,5.0
1289,1322,换乘,无,5.0
1322,1289,换乘,无,5.0
1289,1417,换乘,无,5.0
1417,1289,换乘,无,5.0
1322,1417,换乘,无,5.0
1417,1322,换乘,无,5.0
1012,1481,换乘,无,5.0
1481,1012,换乘,无,5.0
1013,1047,换乘,无,5.0
1047,1013,换乘,无,5.0
1013,1217,换乘,无,5.0
1217,1013,换乘,无,5.0
1047,1217,换乘,无,5.0
1217,1047,换乘,无,5.0
1015,1419,换乘,无,5.0
1419,1015,换乘,无,5.0
1015,1447,换乘,无,5.0
1447,1015,换乘,无,5.0
1419,1447,换乘,无,5.0
1447,1419,换乘,无,5.0
1016,1076,换乘,无,5.0
1076,1016,换乘,无,5.0
1016,1097,换乘,无,5.0
1097,1016,换乘,无,5.0
1076,1097,换乘,无,5.0
1097,1076,换乘,无,5.0
1024,1555,换乘,无,5.0
1555,1024,换乘,无,5.0
1029,1585,换乘,无,5.0
1585,1029,换乘,无,5.0
1029,1599,换乘,无,5.0
1599,1029,换乘,无,5.0
1585,1599,换乘,无,5.0
1599,1585,换乘,无,5.0
1040,1170,换乘,无,5.0
1170,1040,换乘,无,5.0
1040,1527,换乘,无,5.0
1527,1040,换乘,无,5.0
1040,1573,换乘,无,5.0
1573,1040,换乘,无,5.0
1040,1586,换乘,无,5.0
1586,1040,换乘,无,5.0
1170,1527,换乘,无,5.0
1527,1170,换乘,无,5.0
1170,1573,换乘,无,5.0
1573,1170,换乘,无,5.0
1170,1586,换乘,无,5.0
1586,1170,换乘,无,5.0
1527,1573,换乘,无,5.0
1573,1527,换乘,无,5.0
1527,1586,换乘,无,5.0
1586,1527,换乘,无,5.0
1573,1586,换乘,无,5.0
1586,1573,换乘,无,5.0
1043,1104,换乘,无,5.0
1104,1043,换乘,无,5.0
1043,1152,换乘,无,5.0
1152,1043,换乘,无,5.0
1043,1242,换乘,无,5.0
1242,1043,换乘,无,5.0
1104,1152,换乘,无,5.0
1152,1104,换乘,无,5.0
1104,1242,换乘,无,5.0
1242,1104,换乘,无,5.0
1152,1242,换乘,无,5.0
1242,1152,换乘,无,5.0
1045,1484,换乘,无,5.0
1484,1045,换乘,无,5.0
1046,1285,换乘,无,5.0
1285,1046,换乘,无,5.0
1046,1318,换乘,无,5.0
1318,1046,换乘,无,5.0
1285,1318,换乘,无,5.0
1318,1285,换乘,无,5.0
1048,1418,换乘,无,5.0
1418,1048,换乘,无,5.0
1048,1449,换乘,无,5.0
1449,1048,换乘,无,5.0
1418,1449,换乘,无,5.0
1449,1418,换乘,无,5.0
1049,1183,换乘,无,5.0
1183,1049,换乘,无,5.0
1049,1480,换乘,无,5.0
1480,1049,换乘,无,5.0
1183,1480,换乘,无,5.0
1480,1183,换乘,无,5.0
1050,1350,换乘,无,5.0
1350,1050,换乘,无,5.0
1050,1383,换乘,无,5.0
1383,1050,换乘,无,5.0
1350,1383,换乘,无,5.0
1383,1350,换乘,无,5.0
1051,1081,换乘,无,5.0
1081,1051,换乘,无,5.0
1051,1092,换乘,无,5.0
1092,1051,换乘,无,5.0
1081,1092,换乘,无,5.0
1092,1081,换乘,无,5.0
1052,1509,换乘,无,5.0
1509,1052,换乘,无,5.0
1056,1332,换乘,无,5.0
1332,1056,换乘,无,5.0
1056,1593,换乘,无,5.0
1593,1056,换乘,无,5.0
1332,1593,换乘,无,5.0
1593,1332,换乘,无,5.0
1057,1333,换乘,无,5.0
1333,1057,换乘,无,5.0
1057,1540,换乘,无,5.0
1540,1057,换乘,无,5.0
1333,1540,换乘,无,5.0
1540,1333,换乘,无,5.0
1068,1559,换乘,无,5.0
1559,1068,换乘,无,5.0
1073,1221,换乘,无,5.0
1221,1073,换乘,无,5.0
1075,1098,换乘,无,5.0
1098,1075,换乘,无,5.0
1077,1096,换乘,无,5.0
1096,1077,换乘,无,5.0
1078,1095,换乘,无,5.0
1095,1078,换乘,无,5.0
1078,1186,换乘,无,5.0
1186,1078,换乘,无,5.0
1095,1186,换乘,无,5.0
1186,1095,换乘,无,5.0
1079,1094,换乘,无,5.0
1094,1079,换乘,无,5.0
1079,1348,换乘,无,5.0
1348,1079,换乘,无,5.0
1079,1385,换乘,无,5.0
1385,1079,换乘,无,5.0
1079,1477,换乘,无,5.0
1477,1079,换乘,无,5.0
1094,1348,换乘,无,5.0
1348,1094,换乘,无,5.0
1094,1385,换乘,无,5.0
1385,1094,换乘,无,5.0
1094,1477,换乘,无,5.0
1477,1094,换乘,无,5.0
1348,1385,换乘,无,5.0
1385,1348,换乘,无,5.0
1348,1477,换乘,无,5.0
1477,1348,换乘,无,5.0
1385,1477,换乘,无,5.0
1477,1385,换乘,无,5.0
1080,1093,换乘,无,5.0
1093,1080,换乘,无,5.0
1080,1442,换乘,无,5.0
1442,1080,换乘,无,5.0
1093,1442,换乘,无,5.0
1442,1093,换乘,无,5.0
1082,1091,换乘,无,5.0
1091,1082,换乘,无,5.0
1083,1090,换乘,无,5.0
1090,1083,换乘,无,5.0
1083,1292,换乘,无,5.0
1292,1083,换乘,无,5.0
1083,1325,换乘,无,5.0
1325,1083,换乘,无,5.0
1090,1292,换乘,无,5.0
1292,1090,换乘,无,5.0
1090,1325,换乘,无,5.0
1325,1090,换乘,无,5.0
1292,1325,换乘,无,5.0
1325,1292,换乘,无,5.0
1084,1089,换乘,无,5.0
1089,1084,换乘,无,5.0
1084,1251,换乘,无,5.0
1251,1084,换乘,无,5.0
1089,1251,换乘,无,5.0
1251,1089,换乘,无,5.0
1086,1412,换乘,无,5.0
1412,1086,换乘,无,5.0
1099,1282,换乘,无,5.0
1282,1099,换乘,无,5.0
1099,1315,换乘,无,5.0
1315,1099,换乘,无,5.0
1282,1315,换乘,无,5.0
1315,1282,换乘,无,5.0
1101,1424,换乘,无,5.0
1424,1101,换乘,无,5.0
1103,1486,换乘,无,5.0
1486,1103,换乘,无,5.0
1106,1150,换乘,无,5.0
1150,1106,换乘,无,5.0
1109,1213,换乘,无,5.0
1213,1109,换乘,无,5.0
1111,1415,换乘,无,5.0
1415,1111,换乘,无,5.0
1112,1180,换乘,无,5.0
1180,1112,换乘,无,5.0
1116,1127,换乘,无,5.0
1127,1116,换乘,无,5.0
1117,1128,换乘,无,5.0
1128,1117,换乘,无,5.0
1118,1129,换乘,无,5.0
1129,1118,换乘,无,5.0
1119,1130,换乘,无,5.0
1130,1119,换乘,无,5.0
1120,1131,换乘,无,5.0
1131,1120,换乘,无,5.0
1121,1132,换乘,无,5.0
1132,1121,换乘,无,5.0
1141,1208,换乘,无,5.0
1208,1141,换乘,无,5.0
1141,1357,换乘,无,5.0
1357,1141,换乘,无,5.0
1141,1376,换乘,无,5.0
1376,1141,换乘,无,5.0
1208,1357,换乘,无,5.0
1357,1208,换乘,无,5.0
1208,1376,换乘,无,5.0
1376,1208,换乘,无,5.0
1357,1376,换乘,无,5.0
1376,1357,换乘,无,5.0
1146,1457,换乘,无,5.0
1457,1146,换乘,无,5.0
1147,1174,换乘,无,5.0
1174,1147,换乘,无,5.0
1154,1570,换乘,无,5.0
1570,1154,换乘,无,5.0
1157,1490,换乘,无,5.0
1490,1157,换乘,无,5.0
1161,1431,换乘,无,5.0
1431,1161,换乘,无,5.0
1168,1268,换乘,无,5.0
1268,1168,换乘,无,5.0
1168,1301,换乘,无,5.0
1301,1168,换乘,无,5.0
1268,1301,换乘,无,5.0
1301,1268,换乘,无,5.0
1176,1211,换乘,无,5.0
1211,1176,换乘,无,5.0
1177,1455,换乘,无,5.0
1455,1177,换乘,无,5.0
1179,1414,换乘,无,5.0
1414,1179,换乘,无,5.0
1181,1249,换乘,无,5.0
1249,1181,换乘,无,5.0
1185,1445,换乘,无,5.0
1445,1185,换乘,无,5.0
1197,1497,换乘,无,5.0
1497,1197,换乘,无,5.0
1202,1587,换乘,无,5.0
1587,1202,换乘,无,5.0
1210,1456,换乘,无,5.0
1456,1210,换乘,无,5.0
1214,1245,换乘,无,5.0
1245,1214,换乘,无,5.0
1215,1287,换乘,无,5.0
1287,1215,换乘,无,5.0
1215,1320,换乘,无,5.0
1320,1215,换乘,无,5.0
1287,1320,换乘,无,5.0
1320,1287,换乘,无,5.0
1216,1482,换乘,无,5.0
1482,1216,换乘,无,5.0
1218,1420,换乘,无,5.0
1420,1218,换乘,无,5.0
1223,1280,换乘,无,5.0
1280,1223,换乘,无,5.0
1223,1313,换乘,无,5.0
1313,1223,换乘,无,5.0
1280,1313,换乘,无,5.0
1313,1280,换乘,无,5.0
1225,1565,换乘,无,5.0
1565,1225,换乘,无,5.0
1235,1435,换乘,无,5.0
1435,1235,换乘,无,5.0
1239,1491,换乘,无,5.0
1491,1239,换乘,无,5.0
1241,1571,换乘,无,5.0
1571,1241,换乘,无,5.0
1246,1452,换乘,无,5.0
1452,1246,换乘,无,5.0
1248,1416,换乘,无,5.0
1416,1248,换乘,无,5.0
1252,1513,换乘,无,5.0
1513,1252,换乘,无,5.0
1257,1594,换乘,无,5.0
1594,1257,换乘,无,5.0
1267,1300,换乘,无,5.0
1300,1267,换乘,无,5.0
1269,1302,换乘,无,5.0
1302,1269,换乘,无,5.0
1270,1303,换乘,无,5.0
1303,1270,换乘,无,5.0
1271,1304,换乘,无,5.0
1304,1271,换乘,无,5.0
1272,1305,换乘,无,5.0
1305,1272,换乘,无,5.0
1273,1306,换乘,无,5.0
1306,1273,换乘,无,5.0
1274,1307,换乘,无,5.0
1307,1274,换乘,无,5.0
1275,1308,换乘,无,5.0
1308,1275,换乘,无,5.0
1276,1309,换乘,无,5.0
1309,1276,换乘,无,5.0
1277,1310,换乘,无,5.0
1310,1277,换乘,无,5.0
1278,1311,换乘,无,5.0
1311,1278,换乘,无,5.0
1278,1563,换乘,无,5.0
1563,1278,换乘,无,5.0
1311,1563,换乘,无,5.0
1563,1311,换乘,无,5.0
1279,1312,换乘,无,5.0
1312,1279,换乘,无,5.0
1281,1314,换乘,无,5.0
1314,1281,换乘,无,5.0
1283,1316,换乘,无,5.0
1316,1283,换乘,无,5.0
1284,1317,换乘,无,5.0
1317,1284,换乘,无,5.0
1284,1421,换乘,无,5.0
1421,1284,换乘,无,5.0
1317,1421,换乘,无,5.0
1421,1317,换乘,无,5.0
1286,1319,换乘,无,5.0
1319,1286,换乘,无,5.0
1286,1483,换乘,无,5.0
1483,1286,换乘,无,5.0
1319,1483,换乘,无,5.0
1483,1319,换乘,无,5.0
1288,1321,换乘,无,5.0
1321,1288,换乘,无,5.0
1288,1451,换乘,无,5.0
1451,1288,换乘,无,5.0
1321,1451,换乘,无,5.0
1451,1321,换乘,无,5.0
1290,1323,换乘,无,5.0
1323,1290,换乘,无,5.0
1291,1324,换乘,无,5.0
1324,1291,换乘,无,5.0
1291,1351,换乘,无,5.0
1351,1291,换乘,无,5.0
1291,1382,换乘,无,5.0
1382,1291,换乘,无,5.0
1324,1351,换乘,无,5.0
1351,1324,换乘,无,5.0
1324,1382,换乘,无,5.0
1382,1324,换乘,无,5.0
1351,1382,换乘,无,5.0
1382,1351,换乘,无,5.0
1293,1326,换乘,无,5.0
1326,1293,换乘,无,5.0
1294,1327,换乘,无,5.0
1327,1294,换乘,无,5.0
1295,1328,换乘,无,5.0
1328,1295,换乘,无,5.0
1296,1329,换乘,无,5.0
1329,1296,换乘,无,5.0
1337,1396,换乘,无,5.0
1396,1337,换乘,无,5.0
1338,1395,换乘,无,5.0
1395,1338,换乘,无,5.0
1339,1394,换乘,无,5.0
1394,1339,换乘,无,5.0
1340,1393,换乘,无,5.0
1393,1340,换乘,无,5.0
1341,1392,换乘,无,5.0
1392,1341,换乘,无,5.0
1342,1391,换乘,无,5.0
1391,1342,换乘,无,5.0
1343,1390,换乘,无,5.0
1390,1343,换乘,无,5.0
1344,1389,换乘,无,5.0
1389,1344,换乘,无,5.0
1345,1388,换乘,无,5.0
1388,1345,换乘,无,5.0
1345,1504,换乘,无,5.0
1504,1345,换乘,无,5.0
1388,1504,换乘,无,5.0
1504,1388,换乘,无,5.0
1346,1387,换乘,无,5.0
1387,1346,换乘,无,5.0
1346,1475,换乘,无,5.0
1475,1346,换乘,无,5.0
1387,1475,换乘,无,5.0
1475,1387,换乘,无,5.0
1347,1386,换乘,无,5.0
1386,1347,换乘,无,5.0
1349,1384,换乘,无,5.0
1384,1349,换乘,无,5.0
1349,1443,换乘,无,5.0
1443,1349,换乘,无,5.0
1384,1443,换乘,无,5.0
1443,1384,换乘,无,5.0
1353,1380,换乘,无,5.0
1380,1353,换乘,无,5.0
1354,1379,换乘,无,5.0
1379,1354,换乘,无,5.0
1354,1413,换乘,无,5.0
1413,1354,换乘,无,5.0
1379,1413,换乘,无,5.0
1413,1379,换乘,无,5.0
1355,1378,换乘,无,5.0
1378,1355,换乘,无,5.0
1356,1377,换乘,无,5.0
1377,1356,换乘,无,5.0
1358,1375,换乘,无,5.0
1375,1358,换乘,无,5.0
1359,1374,换乘,无,5.0
1374,1359,换乘,无,5.0
1360,1373,换乘,无,5.0
1373,1360,换乘,无,5.0
1361,1372,换乘,无,5.0
1372,1361,换乘,无,5.0
1362,1371,换乘,无,5.0
1371,1362,换乘,无,5.0
1362,1577,换乘,无,5.0
1577,1362,换乘,无,5.0
1371,1577,换乘,无,5.0
1577,1371,换乘,无,5.0
1363,1370,换乘,无,5.0
1370,1363,换乘,无,5.0
1363,1529,换乘,无,5.0
1529,1363,换乘,无,5.0
1370,1529,换乘,无,5.0
1529,1370,换乘,无,5.0
1364,1369,换乘,无,5.0
1369,1364,换乘,无,5.0
1365,1368,换乘,无,5.0
1368,1365,换乘,无,5.0
1366,1367,换乘,无,5.0
1367,1366,换乘,无,5.0
1410,1514,换乘,无,5.0
1514,1410,换乘,无,5.0
1425,1566,换乘,无,5.0
1566,1425,换乘,无,5.0
1441,1507,换乘,无,5.0
1507,1441,换乘,无,5.0
1444,1478,换乘,无,5.0
1478,1444,换乘,无,5.0
1462,1576,换乘,无,5.0
1576,1462,换乘,无,5.0
1463,1528,换乘,无,5.0
1528,1463,换乘,无,5.0
1474,1505,换乘,无,5.0
1505,1474,换乘,无,5.0
1488,1569,换乘,无,5.0
1569,1488,换乘,无,5.0
1519,1595,换乘,无,5.0
1595,1519,换乘,无,5.0
